contrast,b,se_cluster_user,or,or_ci_low,or_ci_high,p
Appropriate reliance: accuracy vs system,0.07736815369167283,0.29367183633544186,1.0804397710720766,0.6076059926271714,1.9212287454027306,0.7922029474781149
Appropriate reliance: analogy vs system,-0.2077641951618835,0.3035935555423342,0.8123985816434712,0.44806921352495044,1.4729676477082319,0.4937542944428295
Appropriate reliance: analogy vs accuracy,-0.2851323488535563,0.2802274468363656,0.7519147326808981,0.43414437250717586,1.302275927147349,0.30891406839091085
