"study","user_group","diagnostic_trial","ai_correct","final_follows_ai","switch_to_ai","appropriate_reliance_diagnostic","over_reliance","under_reliance","final_correct"
"main_exp","system",TRUE,FALSE,0.485714285714286,0.485714285714286,0.514285714285714,0.485714285714286,0,0.514285714285714
"main_exp","accuracy",TRUE,FALSE,0.46031746031746,0.46031746031746,0.53968253968254,0.46031746031746,0,0.53968253968254
"main_exp","analogy",TRUE,FALSE,0.53448275862069,0.53448275862069,0.46551724137931,0.53448275862069,0,0.46551724137931
"follow_up_study","loan_analogy",TRUE,FALSE,0.359872611464968,0.359872611464968,0.640127388535032,0.359872611464968,0,0.640127388535032
"main_exp","system",TRUE,TRUE,0.414634146341463,0.414634146341463,0.414634146341463,0,0.585365853658537,0.414634146341463
"main_exp","accuracy",TRUE,TRUE,0.430939226519337,0.430939226519337,0.430939226519337,0,0.569060773480663,0.430939226519337
"main_exp","analogy",TRUE,TRUE,0.357476635514019,0.357476635514019,0.357476635514019,0,0.642523364485981,0.357476635514019
"follow_up_study","loan_analogy",TRUE,TRUE,0.344365642237983,0.344365642237983,0.344365642237983,0,0.655634357762017,0.344365642237983
